{"timestamps": [1466672638.318674, 1466672646.379978, 1466672654.849177], "initial_reset_timestamp": 1466672631.874698, "episode_lengths": [165, 205, 205], "episode_rewards": [0.0, 1.0, 1.0]}